NRI_FORMATPERIOD,PERIOD,NRI_CODE,NRI_FORMAT,p5,p25,median,Average,waver,p75,p95, num , den ,waverS,waverM,waverL,Nbanks,,,,NRI_FORMATcountry,PERIOD,NRI_CODE,NRI_FORMAT,NSA, _TYPE_ , _FREQ_ ,waver,country,flag_lt3
Share of non-performing loans and advances.(NPL ratio)201409,201409,93,Share of non-performing loans and advances.(NPL ratio),0.000157982,0.025357398,0.064105791,0.112328528,0.066814312,0.16091784,0.367108892,9.47E+11,1.31E+13,0.269788833,0.138055485,0.052765421,121,0.0528,0.2698,0,Asset encumbrance ratio10,202103,88,Asset encumbrance ratio,NO, -   ,4,0.224347315,10,
Share of non-performing loans and advances.(NPL ratio)201412,201412,93,Share of non-performing loans and advances.(NPL ratio),0.000723432,0.021480169,0.054900088,0.10343941,0.064763577,0.148569278,0.3379265,9.30E+11,1.29E+13,0.228296387,0.135697336,0.050812532,129,0.0508,0.2283,0,Asset encumbrance ratio11,202103,88,Asset encumbrance ratio,SE, -   ,9,0.21991297,11,
Share of non-performing loans and advances.(NPL ratio)201503,201503,93,Share of non-performing loans and advances.(NPL ratio),0.000229872,0.020670883,0.055592663,0.103660241,0.061970999,0.157668934,0.337219218,9.39E+11,1.35E+13,0.224408915,0.135145722,0.048226456,127,0.0482,0.2244,0,Asset encumbrance ratio12,202103,88,Asset encumbrance ratio,BE, -   ,8,0.210322578,12,
Share of non-performing loans and advances.(NPL ratio)201506,201506,93,Share of non-performing loans and advances.(NPL ratio),0.000580383,0.022269575,0.057920794,0.102856025,0.060043462,0.144238428,0.352386353,9.22E+11,1.35E+13,0.222997568,0.134302397,0.046407267,126,0.0464,0.223,0,Asset encumbrance ratio13,202103,88,Asset encumbrance ratio,AT, -   ,11,0.205629939,13,
Share of non-performing loans and advances.(NPL ratio)201509,201509,93,Share of non-performing loans and advances.(NPL ratio),0.000469723,0.021960212,0.055080667,0.102788019,0.058717886,0.145446071,0.364470759,9.10E+11,1.37E+13,0.21819704,0.135338469,0.044899442,126,0.0449,0.2182,0,Asset encumbrance ratio14,202103,88,Asset encumbrance ratio,IS, -   ,3,0.197027509,14,
Share of non-performing loans and advances.(NPL ratio)201512,201512,93,Share of non-performing loans and advances.(NPL ratio),0.00168688,0.021833267,0.049530721,0.099708931,0.057208655,0.148189507,0.358073743,8.81E+11,1.35E+13,0.224465197,0.129210153,0.043904714,128,0.0439,0.2245,0,Asset encumbrance ratio15,202103,88,Asset encumbrance ratio,IE, -   ,9,0.196838444,15,
Share of non-performing loans and advances.(NPL ratio)201603,201603,93,Share of non-performing loans and advances.(NPL ratio),0.001099002,0.019200168,0.048907618,0.097292858,0.056180528,0.141723793,0.357611123,8.72E+11,1.36E+13,0.220800904,0.124932748,0.043187373,132,0.0432,0.2208,0,Asset encumbrance ratio16,202103,88,Asset encumbrance ratio,PT, -   ,8,0.177472459,16,
Share of non-performing loans and advances.(NPL ratio)201606,201606,93,Share of non-performing loans and advances.(NPL ratio),0.000699827,0.018720584,0.045883378,0.09528445,0.054317499,0.135781017,0.36081292,8.58E+11,1.39E+13,0.217572541,0.122464264,0.04158489,133,0.0416,0.2176,0,Asset encumbrance ratio17,202103,88,Asset encumbrance ratio,HU, -   ,5,0.132392243,17,
Share of non-performing loans and advances.(NPL ratio)201609,201609,93,Share of non-performing loans and advances.(NPL ratio),6.22E-05,0.017646085,0.045590338,0.094238187,0.05309389,0.130698144,0.360604695,8.42E+11,1.42E+13,0.207833033,0.122379403,0.040545097,132,0.0405,0.2078,0,Asset encumbrance ratio18,202103,88,Asset encumbrance ratio,CY, -   ,4,0.110865376,18,1
Share of non-performing loans and advances.(NPL ratio)201612,201612,93,Share of non-performing loans and advances.(NPL ratio),0.000101174,0.015898401,0.0409109,0.090346072,0.050744812,0.131408901,0.364639564,7.99E+11,1.41E+13,0.201281728,0.116631324,0.038479317,134,0.0385,0.2013,0,Asset encumbrance ratio19,202103,88,Asset encumbrance ratio,MT, -   ,6,0.107304242,19,
Share of non-performing loans and advances.(NPL ratio)201703,201703,93,Share of non-performing loans and advances.(NPL ratio),8.94E-05,0.014592492,0.035086816,0.086735745,0.048017138,0.10020963,0.364699332,7.96E+11,1.46E+13,0.195163158,0.109779623,0.036924724,130,0.0369,0.1952,1,Asset encumbrance ratio20,202103,88,Asset encumbrance ratio,CZ, -   ,3,0.092048371,20,
Share of non-performing loans and advances.(NPL ratio)201706,201706,93,Share of non-performing loans and advances.(NPL ratio),7.74E-05,0.013895456,0.034145684,0.078343239,0.044425823,0.089752753,0.353454128,7.65E+11,1.48E+13,0.187769845,0.101002018,0.034209906,128,0.0342,0.1878,1,Asset encumbrance ratio21,202103,88,Asset encumbrance ratio,HR, -   ,3,0.08840702,21,
Share of non-performing loans and advances.(NPL ratio)201709,201709,93,Share of non-performing loans and advances.(NPL ratio),0.000398192,0.01378725,0.034458728,0.076061535,0.042294587,0.086859113,0.35138864,7.30E+11,1.49E+13,0.178051507,0.098561418,0.032466726,128,0.0325,0.1781,0,Asset encumbrance ratio22,202103,88,Asset encumbrance ratio,LU, -   ,13,0.084210129,22,
Share of non-performing loans and advances.(NPL ratio)201712,201712,93,Share of non-performing loans and advances.(NPL ratio),6.89E-05,0.012660775,0.029774148,0.06972843,0.040536493,0.078302802,0.326071027,6.97E+11,1.48E+13,0.140811545,0.092288696,0.031614927,129,0.0316,0.1408,1,Asset encumbrance ratio23,202103,88,Asset encumbrance ratio,LV, -   ,5,0.07639583,23,
Share of non-performing loans and advances.(NPL ratio)201803,201803,93,Share of non-performing loans and advances.(NPL ratio),9.16E-05,0.012137342,0.028666916,0.067502755,0.038435022,0.074338977,0.318518935,6.80E+11,1.51E+13,0.126625902,0.088051255,0.030089717,128,0.0301,0.1266,1,Asset encumbrance ratio24,202103,88,Asset encumbrance ratio,EE, -   ,4,0.067116786,24,
Share of non-performing loans and advances.(NPL ratio)201806,201806,93,Share of non-performing loans and advances.(NPL ratio),5.45E-06,0.011950098,0.027154388,0.063293156,0.035850771,0.068858774,0.273708585,6.38E+11,1.52E+13,0.121143996,0.081510496,0.028205205,128,0.0282,0.1211,1,Asset encumbrance ratio25,202103,88,Asset encumbrance ratio,PL, -   ,3,0.047913165,25,
Share of non-performing loans and advances.(NPL ratio)201809,201809,93,Share of non-performing loans and advances.(NPL ratio),8.20E-06,0.012069099,0.026253541,0.057460781,0.034094146,0.065197032,0.236787024,6.15E+11,1.53E+13,0.074798829,0.078316346,0.027040196,126,0.027,0.0783,1,Asset encumbrance ratio26,202103,88,Asset encumbrance ratio,SI, -   ,7,0.046250797,26,
Share of non-performing loans and advances.(NPL ratio)201812,201812,93,Share of non-performing loans and advances.(NPL ratio),1.10E-06,0.012042957,0.026639947,0.052138356,0.031860449,0.05662348,0.202644149,5.67E+11,1.51E+13,0.069684797,0.069445456,0.025654052,127,0.0257,0.0697,0,Asset encumbrance ratio27,202103,88,Asset encumbrance ratio,BG, -   ,4,0.03082862,27,
Share of non-performing loans and advances.(NPL ratio)201903,201903,93,Share of non-performing loans and advances.(NPL ratio),0.000634772,0.012065284,0.027261372,0.051955575,0.030971663,0.056911777,0.205849137,5.68E+11,1.56E+13,0.064212445,0.069787153,0.024631075,126,0.0246,0.0698,0,Asset encumbrance ratio28,202103,88,Asset encumbrance ratio,RO, -   ,3,0.007436025,28,
Share of non-performing loans and advances.(NPL ratio)201906,201906,93,Share of non-performing loans and advances.(NPL ratio),0.000841288,0.011857774,0.02644646,0.049243468,0.029915153,0.05035273,0.200096813,5.44E+11,1.56E+13,0.05936219,0.067633571,0.023841604,125,0.0238,0.0676,0,Asset encumbrance ratio29,202103,88,Asset encumbrance ratio,LT, -   ,4,0.006275462,29,
Share of non-performing loans and advances.(NPL ratio)201909,201909,93,Share of non-performing loans and advances.(NPL ratio),0.000807396,0.012111038,0.026205176,0.047522831,0.028785688,0.046453842,0.196061538,5.28E+11,1.57E+13,0.05931702,0.063843768,0.023128247,125,0.0231,0.0638,0,Asset encumbrance ratio99,202103,88,Asset encumbrance ratio,EU, -   ,126,0.287674266,99,
Share of non-performing loans and advances.(NPL ratio)201912,201912,93,Share of non-performing loans and advances.(NPL ratio),0.001224878,0.012140977,0.024768648,0.04315917,0.027481923,0.041669269,0.182149909,4.97E+11,1.55E+13,0.054746491,0.056616295,0.02257072,126,0.0226,0.0566,0,Asset encumbrance ratio100,202103,88,Asset encumbrance ratio,GB, -   ,28,,100,1
Share of non-performing loans and advances.(NPL ratio)202003,202003,93,Share of non-performing loans and advances.(NPL ratio),0.001186346,0.012657513,0.024753092,0.044542864,0.029654453,0.044502552,0.200609414,4.93E+11,1.63E+13,0.05435818,0.058075474,0.02405097,117,0.0241,0.0581,0,Non-performing debt instruments (loans and advances & debt securities) other than held for trading to total gross debt instruments (NPE ratio)1,202103,92,Non-performing debt instruments (loans and advances & debt securities) other than held for trading to total gross debt instruments (NPE ratio),GR, -   ,4,0.209080854,1,
Share of non-performing loans and advances.(NPL ratio)202006,202006,93,Share of non-performing loans and advances.(NPL ratio),0.001445511,0.012797285,0.024439116,0.041882949,0.028682689,0.042630136,0.141871817,4.96E+11,1.70E+13,0.050893375,0.053828643,0.023792936,117,0.0238,0.0538,0,Non-performing debt instruments (loans and advances & debt securities) other than held for trading to total gross debt instruments (NPE ratio)2,202103,92,Non-performing debt instruments (loans and advances & debt securities) other than held for trading to total gross debt instruments (NPE ratio),CY, -   ,4,0.087786356,2,1
Share of non-performing loans and advances.(NPL ratio)202009,202009,93,Share of non-performing loans and advances.(NPL ratio),0.001735597,0.011973868,0.024284239,0.039277659,0.027564072,0.039303978,0.130472943,4.85E+11,1.72E+13,0.047611159,0.051315729,0.023114231,116,0.0231,0.0513,0,Non-performing debt instruments (loans and advances & debt securities) other than held for trading to total gross debt instruments (NPE ratio)3,202103,92,Non-performing debt instruments (loans and advances & debt securities) other than held for trading to total gross debt instruments (NPE ratio),BG, -   ,4,0.056593052,3,
Share of non-performing loans and advances.(NPL ratio)202012,202012,93,Share of non-performing loans and advances.(NPL ratio),0.002047035,0.012628533,0.022980328,0.035799268,0.02573506,0.035704629,0.107442609,4.49E+11,1.70E+13,0.04382518,0.046506617,0.02168469,116,0.0217,0.0465,0,Non-performing debt instruments (loans and advances & debt securities) other than held for trading to total gross debt instruments (NPE ratio)4,202103,92,Non-performing debt instruments (loans and advances & debt securities) other than held for trading to total gross debt instruments (NPE ratio),PL, -   ,3,0.037218994,4,
Share of non-performing loans and advances.(NPL ratio)202103,202103,93,Share of non-performing loans and advances.(NPL ratio),0.002428336,0.010989781,0.020706883,0.033890541,0.024808836,0.035187196,0.101304342,4.60E+11,1.80E+13,0.045476219,0.043836273,0.021100938,115,0.0211,0.0455,1,Non-performing debt instruments (loans and advances & debt securities) other than held for trading to total gross debt instruments (NPE ratio)5,202103,92,Non-performing debt instruments (loans and advances & debt securities) other than held for trading to total gross debt instruments (NPE ratio),HR, -   ,3,0.036927612,5,
